accuracy,loss,val_accuracy,val_loss,learning_rate
0.9752964377403259,0.023883545771241188,1.0,7.61093802544089e-26,0.0010000000474974513
1.0,2.454756917592081e-22,1.0,4.759604597602619e-27,0.0010000000474974513
1.0,1.2696928588135396e-16,1.0,4.182872934990206e-27,0.0010000000474974513
1.0,7.897201229264299e-20,1.0,4.171830808247056e-27,0.0005000000237487257
1.0,9.464569872676199e-22,1.0,4.1715122594342544e-27,0.0005000000237487257
1.0,1.2523564104889592e-17,1.0,4.171519577968043e-27,0.0002500000118743628
1.0,3.0272371890995007e-17,1.0,4.171519577968043e-27,0.0002500000118743628
1.0,1.5438129306353474e-19,1.0,4.171519577968043e-27,0.0001250000059371814
